{
    "./src/main.cpp": 1697560756.926516,
    "./src/include/header.hpp": 1697541802.4041462
}