{
    "./src/main.cpp": 1697484489.4344811,
    "./src/include/header.hpp": 1697483949.002748
}