{
    "./src/main.cpp": 1697487349.7733274,
    "./src/include/header.hpp": 1697487906.276657
}